{
    "rmse": 0.6883387022396413,
    "mae": 0.5311272752949561,
    "r2": 0.31996495268030234
}